DISPONIBILITÉS ÉTUDIANTS S5-FC ; S6-FC

Cela concerne : S5-DEV-FC ; S6-DEV-FC ; S5-CREACOM-FC ; S6-CREACOM-FC

Étudiants de troisième année BUT3

Calendrier d'alternance 2026-2027

Ils sont à l'IUT aux dates suivantes :

MODÈLE
(
Lundi 2026
Mardi 2026
Mercredi 2026
Jeudi 2026
Vendredi 2026

Lundi 2027
Mardi 2027
Mercredi 2027
Jeudi 2027
Vendredi 2027
)

lundi 31 août 2026
mardi 1 septembre 2026
mercredi 2 septembre 2026
jeudi 3 septembre 2026
vendredi 4 septembre 2026

lundi 21 septembre 2026
mardi 22 septembre 2026
mercredi 23 septembre 2026
jeudi 24 septembre 2026
vendredi 25 septembre 2026

lundi 12 octobre 2026
mardi 13 octobre2026
mercredi 14 octobre 2026
jeudi 15 octobre 2026
vendredi 16 octobre 2026

lundi 2 novembre 2026
mardi 3 novembre 2026
mercredi 4 novembre 2026
jeudi 5 novembre 2026
vendredi 6 novembre 2026

lundi 23 novembre 2026
mardi 24 novembre 2026
mercredi 25 novembre 2026
jeudi 26 novembre 2026
vendredi 27 novembre 2026

lundi 14 décembre 2026
mardi 15 décembre 2026
mercredi 16 décembre 2026
jeudi 17 décembre 2026
vendredi 18 décembre 2026

lundi 4 janvier 2027
mardi 5 janvier 2027
mercredi 6 janvier 2027
jeudi 7 janvier 2027
vendredi 8 janvier 2027

lundi 25 janvier 2027
mardi 26 janvier 2027
mercredi 27 janvier 2027
jeudi 28 janvier 2027
vendredi 29 janvier 2027

lundi 15 février 2027
mardi 16 février 2027
mercredi 17 février 2027
jeudi 18 février 2027
vendredi 19 février 2027

lundi 8 mars 2027
mardi 9 mars 2027
mercredi 10 mars 2027
jeudi 11 mars 2027
vendredi 12 mars 2027

mardi 30 mars 2027
mercredi 31 mars 2027
jeudi 1 avril 2027
vendredi 2 avril 2027

lundi 26 avril 2027
mardi 27 avril 2027
mercredi 28 avril 2027
jeudi 29 avril 2027
vendredi 30 avril 2027

mardi 18 mai 2027
mercredi 19 mai 2027
jeudi 20 mai 2027
vendredi 21 mai 2027

lundi 7 juin 2027
mardi 8 juin 2027
mercredi 9 juin 2027
jeudi 10 juin 2027
vendredi 11 juin 2027

lundi 14 juin 2027
mardi 15 juin 2027
mercredi 16 juin 2027
jeudi 17 juin 2027
vendredi 18 juin 2027

Jeudi 26 août 2027 : SOUTENANCE
Vendredi 27 août 2027 : SOUTENANCE
Mardi 31 août 2027 : FIN DE FORMATION